"Rk","Gm#","Date","","Tm"," ","Opp","W/L","R","RA","Inn","W-L","Rank","GB","Win","Loss","Save","Time","D/N","Attendance","Streak"
"1","1","Monday, Apr 6","boxscore","TEX","@","OAK","L","0","8","","0-1","4","1.0","Gray","Gallardo","","2:45","N","36,067","-"
"2","2","Tuesday, Apr 7","boxscore","TEX","@","OAK","W","3","1","","1-1","2","0.5","Lewis","Hahn","Feliz","2:30","N","15,025","+"
"3","3","Wednesday, Apr 8","boxscore","TEX","@","OAK","L","0","10","","1-2","4","1.0","Kazmir","Detwiler","","2:55","N","19,479","-"
"4","4","Thursday, Apr 9","boxscore","TEX","@","OAK","W","10","1","","2-2","2","0.5","Martinez","Graveman","","2:32","D","16,045","+"
"5","5","Friday, Apr 10","boxscore","TEX","","HOU","L","1","5","","2-3","4","1.0","McHugh","Holland","","2:45","D","48,885","-"
"6","6","Saturday, Apr 11","boxscore","TEX","","HOU","W","6","2","","3-3","1","Tied","Gallardo","Hernandez","","3:18","N","36,833","+"
"7","7","Sunday, Apr 12","boxscore","TEX","","HOU","L","4","6","14","3-4","3","0.5","Harris","Verrett","Deduno","4:24","D","35,276","-"
"8","8","Monday, Apr 13","boxscore","TEX","","LAA","L","3","6","","3-5","5","1.0","Shoemaker","Detwiler","Street","3:17","N","18,401","--"
"9","9","Tuesday, Apr 14","boxscore","TEX","","LAA","W","8","2","","4-5","2","1.0","Martinez","Rucinski","","2:57","N","21,805","+"
"10","10","Wednesday, Apr 15","boxscore","TEX","","LAA","L","2","10","","4-6","4","1.0","Santiago","Ranaudo","","3:13","D","25,757","-"
"11","11","Friday, Apr 17","boxscore","TEX","@","SEA","W","3","1","","5-6","2","0.5","Gallardo","Happ","Feliz","3:00","N","36,606","+"
"12","12","Saturday, Apr 18","boxscore","TEX","@","SEA","L","1","3","","5-7","4","1.0","Hernandez","Lewis","Rodney","3:00","N","43,017","-"
"13","13","Sunday, Apr 19","boxscore","TEX","@","SEA","L-wo","10","11","","5-8","5","1.5","Medina","Feliz","","3:45","D","31,601","--"
"14","14","Tuesday, Apr 21","boxscore","TEX","@","ARI","W","7","1","","6-8","3","2.0","Tolleson","Hudson","","3:04","N","18,345","+"
"15","15","Wednesday, Apr 22","boxscore","TEX","@","ARI","L","5","8","","6-9","3","2.0","Bradley","Gallardo","","2:59","N","17,886","-"
"16","16","Friday, Apr 24","boxscore","TEX","@","LAA","L","2","3","","6-10","5","3.0","Richards","Kela","Street","2:47","N","41,054","--"
"17","17","Saturday, Apr 25","boxscore","TEX","@","LAA","L","1","4","","6-11","5","4.0","Pestano","Lewis","Street","3:10","N","38,016","---"
"18","18","Sunday, Apr 26","boxscore","TEX","@","LAA","W","5","4","11","7-11","3","4.0","Feliz","Alvarez","","4:13","D","35,053","+"
"19","19","Monday, Apr 27","boxscore","TEX","","SEA","L","1","3","","7-12","5","5.0","Walker","Gallardo","Rodney","2:47","N","19,748","-"
"20","20","Tuesday, Apr 28","boxscore","TEX","","SEA","L","1","2","","7-13","5","6.0","Happ","Detwiler","Rodney","2:43","N","23,714","--"
"21","21","Wednesday, Apr 29","boxscore","TEX","","SEA","L","2","5","","7-14","5","7.0","Hernandez","Rodriguez","Rodney","3:05","N","26,037","---"
"22","22","Friday, May 1","boxscore","TEX","","OAK","L","5","7","","7-15","5","8.5","Otero","Mendez","Clippard","3:11","N","29,700","----"
"23","23","Saturday, May 2","boxscore","TEX","","OAK","W-wo","8","7","10","8-15","5","8.5","Kela","Cook","","3:45","N","32,207","+"
"24","24","Sunday, May 3","boxscore","TEX","","OAK","L","1","7","","8-16","5","9.5","Gray","Gallardo","","3:21","D","36,006","-"
"25","25","Monday, May 4","boxscore","TEX","@","HOU","W","2","1","","9-16","5","8.5","Kela","Qualls","Feliz","2:36","N","17,597","+"
"26","26","Tuesday, May 5","boxscore","TEX","@","HOU","W","7","1","","10-16","5","7.5","Rodriguez","Feldman","","2:41","N","20,951","++"
"27","27","Wednesday, May 6","boxscore","TEX","@","HOU","W","11","3","","11-16","3","6.5","Lewis","Deduno","","2:32","N","22,230","+++"
"28","28","Thursday, May 7","boxscore","TEX","@","TBR","W","5","4","","12-16","3","6.5","Claudio","Archer","Feliz","2:47","N","8,701","++++"
"29","29","Friday, May 8","boxscore","TEX","@","TBR","L","2","8","","12-17","3","6.5","Karns","Gallardo","","2:55","N","11,704","-"
"30","30","Saturday, May 9","boxscore","TEX","@","TBR","L","2","7","","12-18","4","7.5","Bellatti","Detwiler","Boxberger","3:18","N","20,943","--"
"31","31","Sunday, May 10","boxscore","TEX","@","TBR","W","2","1","","13-18","4","6.5","Kela","Jepsen","Feliz","3:06","D","14,521","+"
"32","32","Monday, May 11","boxscore","TEX","","KCR","W","8","2","","14-18","4","6.0","Lewis","Duffy","","2:53","N","21,206","++"
"33","33","Tuesday, May 12","boxscore","TEX","","KCR","L","6","7","10","14-19","4","6.0","Holland","Pimentel","","3:34","N","23,659","-"
"34","34","Wednesday, May 13","boxscore","TEX","","KCR","W","5","2","","15-19","4","6.0","Gallardo","Ventura","Feliz","2:15","N","26,258","+"
"35","35","Thursday, May 14","boxscore","TEX","","KCR","L","3","6","","15-20","4","7.0","Guthrie","Detwiler","Holland","3:11","D","33,818","-"
"36","36","Friday, May 15","boxscore","TEX","","CLE","L","3","8","","15-21","4","8.0","Webb","Rodriguez","","3:17","N","29,524","--"
"37","37","Saturday, May 16","boxscore","TEX","","CLE","L","8","10","","15-22","4","9.0","Atchison","Feliz","Allen","3:37","N","31,045","---"
"38","38","Sunday, May 17","boxscore","TEX","","CLE","W","5","1","","16-22","4","9.0","Martinez","Carrasco","","2:49","D","32,189","+"
"39","39","Tuesday, May 19","boxscore","TEX","@","BOS","L","3","4","","16-23","4","9.5","Miley","Gallardo","Uehara","2:50","N","36,580","-"
"40","40","Wednesday, May 20","boxscore","TEX","@","BOS","W","2","1","","17-23","4","9.5","Klein","Kelly","Tolleson","3:13","N","35,726","+"
"41","41","Thursday, May 21","boxscore","TEX","@","BOS","W","3","1","","18-23","4","8.5","Rodriguez","Buchholz","Tolleson","2:49","N","34,945","++"
"42","42","Friday, May 22","boxscore","TEX","@","NYY","W","10","9","","19-23","4","7.5","Lewis","Pineda","Ohlendorf","3:19","N","40,008","+++"
"43","43","Saturday, May 23","boxscore","TEX","@","NYY","W","15","4","","20-23","4","7.5","Martinez","Sabathia","","3:03","D","42,067","++++"
"44","44","Sunday, May 24","boxscore","TEX","@","NYY","W","5","2","","21-23","3","7.5","Gallardo","Capuano","Tolleson","3:25","N","45,681","+++++"
"45","45","Monday, May 25","boxscore","TEX","@","CLE","W","10","8","","22-23","3","6.5","Scheppers","Rzepczynski","Tolleson","3:32","D","13,614","++++++"
"46","46","Tuesday, May 26","boxscore","TEX","@","CLE","W","4","3","","23-23","2","6.5","Kela","Hagadone","Tolleson","3:06","N","11,352","+++++++"
"47","47","Wednesday, May 27","boxscore","TEX","@","CLE","L","3","12","","23-24","3","6.5","Carrasco","Lewis","","2:47","D","15,956","-"
"48","48","Thursday, May 28","boxscore","TEX","","BOS","L","1","5","","23-25","4","7.0","Rodriguez","Martinez","","2:49","N","34,085","--"
"49","49","Friday, May 29","boxscore","TEX","","BOS","W","7","4","","24-25","4","6.0","Gallardo","Wright","Tolleson","2:59","N","38,176","+"
"50","50","Saturday, May 30","boxscore","TEX","","BOS","W","8","0","","25-25","3","6.0","Gonzalez","Miley","","2:49","N","42,831","++"
"Rk","Gm#","Date","","Tm","","Opp","W/L","R","RA","Inn","W-L","Rank","GB","Win","Loss","Save","Time","D/N","Attendance","Streak"
"51","51","Sunday, May 31","boxscore","TEX","","BOS","W-wo","4","3","","26-25","3","5.0","Ohlendorf","Uehara","","3:16","D","32,848","+++"
"52","52","Tuesday, Jun 2","boxscore","TEX","","CHW","W","15","2","","27-25","3","5.5","Lewis","Samardzija","","2:35","N","27,558","++++"
"53","53","Wednesday, Jun 3","boxscore","TEX","","CHW","L","2","9","","27-26","3","6.5","Sale","Martinez","","3:06","N","32,598","-"
"54","54","Thursday, Jun 4","boxscore","TEX","","CHW","W-wo","2","1","11","28-26","2","5.5","Scheppers","Jennings","","3:55","N","27,616","+"
"55","55","Friday, Jun 5","boxscore","TEX","@","KCR","W","4","0","","29-26","2","4.5","Gonzalez","Volquez","","2:40","N","38,159","++"
"56","56","Saturday, Jun 6","boxscore","TEX","@","KCR","W","4","2","","30-26","2","3.5","Rodriguez","Ventura","Tolleson","2:50","D","37,924","+++"
"57","57","Sunday, Jun 7","boxscore","TEX","@","KCR","L","3","4","","30-27","2","3.5","Davis","Kela","Holland","2:31","D","38,202","-"
"58","58","Tuesday, Jun 9","boxscore","TEX","@","OAK","W","2","1","","31-27","2","2.0","Martinez","Gray","Tolleson","3:00","N","14,617","+"
"59","59","Wednesday, Jun 10","boxscore","TEX","@","OAK","L-wo","4","5","","31-28","2","2.0","Clippard","Kela","","3:05","N","14,290","-"
"60","60","Thursday, Jun 11","boxscore","TEX","@","OAK","L","0","7","","31-29","2","2.5","Kazmir","Gonzalez","","2:35","D","14,489","--"
"61","61","Friday, Jun 12","boxscore","TEX","","MIN","W","6","2","","32-29","2","2.5","Scheppers","Thompson","","2:39","N","41,765","+"
"62","62","Saturday, Jun 13","boxscore","TEX","","MIN","W","11","7","","33-29","2","1.5","Lewis","Pelfrey","","2:44","D","28,661","++"
"63","63","Sunday, Jun 14","boxscore","TEX","","MIN","L","3","4","","33-30","2","2.5","Fien","Tolleson","Perkins","2:49","D","33,970","-"
"64","64","Monday, Jun 15","boxscore","TEX","","LAD","W","4","1","","34-30","2","2.5","Gallardo","Frias","Tolleson","2:44","N","32,248","+"
"65","65","Tuesday, Jun 16","boxscore","TEX","","LAD","W-wo","3","2","","35-30","2","2.5","Tolleson","Ravin","","2:22","N","31,897","++"
"66","66","Wednesday, Jun 17","boxscore","TEX","@","LAD","W","5","3","","36-30","2","2.5","Rodriguez","Kershaw","Kela","3:18","N","42,906","+++"
"67","67","Thursday, Jun 18","boxscore","TEX","@","LAD","L-wo","0","1","","36-31","2","3.5","Jansen","Kela","","2:55","N","46,977","-"
"68","68","Friday, Jun 19","boxscore","TEX","@","CHW","W","2","1","","37-31","2","2.5","Lewis","Robertson","Tolleson","2:26","N","22,864","+"
"69","69","Saturday, Jun 20","boxscore","TEX","@","CHW","L","2","3","","37-32","2","2.5","Rodon","Martinez","Robertson","2:47","D","25,738","-"
"70","70","Sunday, Jun 21","boxscore","TEX","@","CHW","L-wo","2","3","11","37-33","2","3.5","Petricka","Claudio","","3:49","D","33,668","--"
"71","71","Tuesday, Jun 23","boxscore","TEX","","OAK","L","6","8","","37-34","2","4.0","Chavez","Gonzalez","Pomeranz","3:17","N","35,889","---"
"72","72","Wednesday, Jun 24","boxscore","TEX","","OAK","L","2","8","","37-35","2","4.0","Graveman","Rodriguez","","2:46","N","34,216","----"
"73","73","Thursday, Jun 25","boxscore","TEX","","OAK","L","3","6","","37-36","2","5.0","Gray","Kela","Clippard","2:57","D","29,251","-----"
"74","74","Friday, Jun 26","boxscore","TEX","@","TOR","L","2","12","","37-37","2","5.0","Buehrle","Martinez","","2:26","N","25,821","------"
"75","75","Saturday, Jun 27","boxscore","TEX","@","TOR","W","4","0","","38-37","2","4.0","Gallardo","Boyd","","2:24","D","37,167","+"
"76","76","Sunday, Jun 28","boxscore","TEX","@","TOR","L","2","3","","38-38","3","5.0","Hutchison","Gonzalez","Osuna","2:40","D","42,376","-"
"77","77","Monday, Jun 29","boxscore","TEX","@","BAL","W","8","1","","39-38","3","5.0","Rodriguez","Norris","","3:11","N","21,565","+"
"78","78","Tuesday, Jun 30","boxscore","TEX","@","BAL","W","8","6","","40-38","3","5.0","Lewis","Gonzalez","Tolleson","2:44","N","27,370","++"
"79","79","Wednesday, Jul 1","boxscore","TEX","@","BAL","L","2","4","","40-39","3","6.0","Chen","Martinez","Britton","2:18","N","23,019","-"
"80","80","Thursday, Jul 2","boxscore","TEX","@","BAL","W","2","0","","41-39","3","5.5","Kela","Roe","Tolleson","2:55","N","31,915","+"
"81","81","Friday, Jul 3","boxscore","TEX","","LAA","L","2","8","","41-40","3","6.5","Richards","Gonzalez","","3:03","N","39,320","-"
"82","82","Saturday, Jul 4","boxscore","TEX","","LAA","L","0","13","","41-41","3","6.5","Santiago","Rodriguez","","3:21","N","47,877","--"
"83","83","Sunday, Jul 5","boxscore","TEX","","LAA","L","6","12","","41-42","3","6.5","Wilson","Lewis","","3:03","N","28,638","---"
"84","84","Tuesday, Jul 7","boxscore","TEX","","ARI","L","2","4","","41-43","3","7.0","Ray","Gallardo","Ziegler","3:03","N","30,955","----"
"85","85","Wednesday, Jul 8","boxscore","TEX","","ARI","L","4","7","","41-44","3","7.0","Delgado","Harrison","Ziegler","3:26","N","27,390","-----"
"86","86","Friday, Jul 10","boxscore","TEX","","SDP","W","4","3","","42-44","3","5.5","Rodriguez","Kennedy","Tolleson","3:05","N","33,033","+"
"87","87","Saturday, Jul 11","boxscore","TEX","","SDP","L","5","6","","42-45","3","5.5","Benoit","Tolleson","Kimbrel","3:11","N","36,248","-"
"88","88","Sunday, Jul 12","boxscore","TEX","","SDP","L","1","2","","42-46","3","6.0","Ross","Gallardo","Kimbrel","3:13","D","32,428","--"
"89","89","Friday, Jul 17","boxscore","TEX","@","HOU","L","2","3","","42-47","3","7.0","McHugh","Perez","Gregerson","3:11","N","36,904","---"
"90","90","Saturday, Jul 18","boxscore","TEX","@","HOU","W","7","6","","43-47","3","7.0","Lewis","Feldman","Tolleson","3:28","N","41,941","+"
"91","91","Sunday, Jul 19","boxscore","TEX","@","HOU","L","0","10","","43-48","3","7.5","Keuchel","Gallardo","","2:56","D","36,532","-"
"92","92","Monday, Jul 20","boxscore","TEX","@","COL","L-wo","7","8","","43-49","3","9.0","Axford","Scheppers","","3:31","N","35,027","--"
"93","93","Tuesday, Jul 21","boxscore","TEX","@","COL","W","9","0","","44-49","3","9.0","Harrison","Kendrick","","3:06","N","43,012","+"
"94","94","Wednesday, Jul 22","boxscore","TEX","@","COL","W","10","8","","45-49","3","9.0","Scheppers","Axford","Tolleson","3:45","D","33,348","++"
"95","95","Friday, Jul 24","boxscore","TEX","@","LAA","W","4","2","","46-49","3","7.5","Lewis","Tropeano","Tolleson","2:39","N","42,046","+++"
"96","96","Saturday, Jul 25","boxscore","TEX","@","LAA","W","7","6","","47-49","3","6.5","Patton","Smith","Tolleson","3:32","N","43,052","++++"
"97","97","Sunday, Jul 26","boxscore","TEX","@","LAA","L","7","13","","47-50","3","7.5","Heaney","Martinez","","3:33","D","38,539","-"
"98","98","Monday, Jul 27","boxscore","TEX","","NYY","L","2","6","","47-51","3","8.0","Nova","Harrison","","3:01","N","33,691","--"
"99","99","Tuesday, Jul 28","boxscore","TEX","","NYY","L","5","21","","47-52","3","8.0","Moreno","Perez","Warren","3:38","N","28,403","---"
"100","100","Wednesday, Jul 29","boxscore","TEX","","NYY","W","5","2","","48-52","3","8.0","Lewis","Tanaka","Tolleson","3:09","N","31,658","+"
"Rk","Gm#","Date","","Tm","","Opp","W/L","R","RA","Inn","W-L","Rank","GB","Win","Loss","Save","Time","D/N","Attendance","Streak"
"101","101","Thursday, Jul 30","boxscore","TEX","","NYY","W-wo","7","6","","49-52","3","8.0","Tolleson","Miller","","3:31","N","34,407","++"
"102","102","Friday, Jul 31","boxscore","TEX","","SFG","W","6","3","","50-52","3","7.0","Martinez","Bumgarner","","2:33","N","30,674","+++"
"103","103","Saturday, Aug 1","boxscore","TEX","","SFG","L","7","9","11","50-53","3","8.0","Strickland","Dyson","Casilla","3:44","N","41,114","-"
"104","104","Sunday, Aug 2","boxscore","TEX","","SFG","W","2","1","","51-53","3","8.0","Perez","Leake","Dyson","2:19","D","22,234","+"
"105","105","Monday, Aug 3","boxscore","TEX","","HOU","W","12","9","","52-53","3","7.0","Lewis","McCullers","Tolleson","3:19","N","21,671","++"
"106","106","Tuesday, Aug 4","boxscore","TEX","","HOU","W","4","3","","53-53","3","6.0","Gallardo","Straily","Tolleson","3:19","N","29,953","+++"
"107","107","Wednesday, Aug 5","boxscore","TEX","","HOU","W","4","3","","54-53","3","5.0","Martinez","Kazmir","Dyson","3:23","N","31,782","++++"
"108","108","Friday, Aug 7","boxscore","TEX","@","SEA","L","3","4","","54-54","3","5.5","Iwakuma","Hamels","Smith","2:55","N","29,320","-"
"109","109","Saturday, Aug 8","boxscore","TEX","@","SEA","W","11","3","11","55-54","3","4.5","Tolleson","Rasmussen","","4:11","D","39,132","+"
"110","110","Sunday, Aug 9","boxscore","TEX","@","SEA","L","2","4","","55-55","3","4.5","Hernandez","Lewis","Smith","2:34","D","29,939","-"
"111","111","Tuesday, Aug 11","boxscore","TEX","@","MIN","L-wo","2","3","","55-56","3","4.5","Perkins","Patton","","3:19","N","26,663","--"
"112","112","Wednesday, Aug 12","boxscore","TEX","@","MIN","L","1","11","","55-57","3","5.5","Pelfrey","Martinez","","2:53","N","30,683","---"
"113","113","Thursday, Aug 13","boxscore","TEX","@","MIN","W","6","5","","56-57","3","5.0","Kela","Fien","Tolleson","2:59","D","30,357","+"
"114","114","Friday, Aug 14","boxscore","TEX","","TBR","W","5","3","","57-57","3","5.0","Dyson","McGee","Tolleson","2:55","N","32,512","++"
"115","115","Saturday, Aug 15","boxscore","TEX","","TBR","W","12","4","","58-57","3","4.0","Lewis","Archer","","3:10","N","32,351","+++"
"116","116","Sunday, Aug 16","boxscore","TEX","","TBR","W","5","3","","59-57","3","4.0","Gallardo","Smyly","Tolleson","3:04","D","29,167","++++"
"117","117","Monday, Aug 17","boxscore","TEX","","SEA","W-wo","4","3","","60-57","3","3.0","Tolleson","Rodney","","2:51","N","19,880","+++++"
"118","118","Tuesday, Aug 18","boxscore","TEX","","SEA","L","2","3","","60-58","3","4.0","Iwakuma","Gonzalez","Smith","2:44","N","26,870","-"
"119","119","Wednesday, Aug 19","boxscore","TEX","","SEA","W","7","2","","61-58","3","4.0","Holland","Montgomery","","2:39","D","20,142","+"
"120","120","Thursday, Aug 20","boxscore","TEX","@","DET","L","0","4","","61-59","3","4.0","Simon","Perez","","2:47","N","33,727","-"
"121","121","Friday, Aug 21","boxscore","TEX","@","DET","W","2","0","","62-59","3","4.0","Lewis","Verlander","Tolleson","3:08","N","34,718","+"
"122","122","Saturday, Aug 22","boxscore","TEX","@","DET","W","5","3","","63-59","2","4.0","Gallardo","Wolf","","2:55","N","39,082","++"
"123","123","Sunday, Aug 23","boxscore","TEX","@","DET","W","4","2","","64-59","2","4.0","Hamels","Boyd","Tolleson","3:01","D","39,317","+++"
"124","124","Tuesday, Aug 25","boxscore","TEX","","TOR","L","5","6","","64-60","2","4.5","Hawkins","Tolleson","Osuna","3:02","N","22,227","-"
"125","125","Wednesday, Aug 26","boxscore","TEX","","TOR","L","4","12","","64-61","2","5.5","Price","Lewis","","3:19","N","20,572","--"
"126","126","Thursday, Aug 27","boxscore","TEX","","TOR","W","4","1","","65-61","2","5.0","Gallardo","Estrada","Tolleson","3:40","D","17,884","+"
"127","127","Friday, Aug 28","boxscore","TEX","","BAL","W","4","1","","66-61","2","4.0","Hamels","Gausman","Tolleson","2:23","N","28,337","++"
"128","128","Saturday, Aug 29","boxscore","TEX","","BAL","W","4","3","","67-61","2","4.0","Perez","Jimenez","Tolleson","2:33","N","29,768","+++"
"129","129","Sunday, Aug 30","boxscore","TEX","","BAL","W","6","0","","68-61","2","3.0","Holland","Gonzalez","","2:41","D","22,256","++++"
"130","130","Monday, Aug 31","boxscore","TEX","@","SDP","L","0","7","","68-62","2","4.0","Ross","Lewis","","2:39","N","19,013","-"
"131","131","Tuesday, Sep 1","boxscore","TEX","@","SDP","W","8","6","","69-62","2","3.0","Ohlendorf","Rzepczynski","","3:40","N","21,215","+"
"132","132","Wednesday, Sep 2","boxscore","TEX","@","SDP","W","4","3","10","70-62","2","2.0","Dyson","Norris","","3:33","N","18,730","++"
"133","133","Friday, Sep 4","boxscore","TEX","@","LAA","L","2","5","","70-63","2","3.0","Richards","Perez","Street","2:58","N","37,073","-"
"134","134","Saturday, Sep 5","boxscore","TEX","@","LAA","W","2","1","","71-63","2","2.0","Holland","Smith","Tolleson","2:45","N","39,889","+"
"135","135","Sunday, Sep 6","boxscore","TEX","@","LAA","L","0","7","","71-64","2","3.0","Santiago","Lewis","","2:46","D","38,367","-"
"136","136","Monday, Sep 7","boxscore","TEX","@","SEA","W","3","0","","72-64","2","2.0","Gallardo","Elias","Tolleson","3:00","D","18,469","+"
"137","137","Tuesday, Sep 8","boxscore","TEX","@","SEA","W","9","6","","73-64","2","1.0","Hamels","Walker","Tolleson","3:12","N","13,389","++"
"138","138","Wednesday, Sep 9","boxscore","TEX","@","SEA","L","0","6","","73-65","2","2.0","Nuno","Perez","","2:26","N","14,330","-"
"139","139","Thursday, Sep 10","boxscore","TEX","@","SEA","L","0","5","","73-66","2","2.5","Hernandez","Holland","","2:24","D","16,842","--"
"140","140","Friday, Sep 11","boxscore","TEX","","OAK","W","4","0","","74-66","2","1.5","Lewis","Chavez","","2:20","N","28,133","+"
"141","141","Saturday, Sep 12","boxscore","TEX","","OAK","L","3","5","","74-67","2","1.5","Nolin","Gallardo","","3:26","N","30,487","-"
"142","142","Sunday, Sep 13","boxscore","TEX","","OAK","W","12","4","","75-67","2","1.5","Gonzalez","Doubront","","3:52","D","26,131","+"
"143","143","Monday, Sep 14","boxscore","TEX","","HOU","W","5","3","","76-67","2","0.5","Kela","Harris","Tolleson","3:03","N","27,772","++"
"144","144","Tuesday, Sep 15","boxscore","TEX","","HOU","W-wo","6","5","","77-67","1","up 0.5","Tolleson","Perez","","3:46","N","26,942","+++"
"145","145","Wednesday, Sep 16","boxscore","TEX","","HOU","W","14","3","","78-67","1","up 1.5","Perez","Keuchel","","2:41","N","34,483","++++"
"146","146","Thursday, Sep 17","boxscore","TEX","","HOU","W","8","2","","79-67","1","up 2.5","Lewis","McCullers","","3:03","N","31,122","+++++"
"147","147","Friday, Sep 18","boxscore","TEX","","SEA","L","1","3","","79-68","1","up 2.5","Farquhar","Gallardo","Wilhelmsen","3:15","N","26,727","-"
"148","148","Saturday, Sep 19","boxscore","TEX","","SEA","W","10","1","","80-68","1","up 2.5","Hamels","Nuno","","3:09","N","39,843","+"
"149","149","Sunday, Sep 20","boxscore","TEX","","SEA","L","2","9","","80-69","1","up 1.5","Hernandez","Holland","","3:16","D","33,307","-"
"150","150","Tuesday, Sep 22","boxscore","TEX","@","OAK","W","8","6","","81-69","1","up 2.0","Gonzalez","Pomeranz","Tolleson","3:38","N","16,524","+"
"Rk","Gm#","Date","","Tm","","Opp","W/L","R","RA","Inn","W-L","Rank","GB","Win","Loss","Save","Time","D/N","Attendance","Streak"
"151","151","Wednesday, Sep 23","boxscore","TEX","@","OAK","W","10","3","","82-69","1","up 3.0","Lewis","Doubront","","2:52","N","16,445","++"
"152","152","Thursday, Sep 24","boxscore","TEX","@","OAK","W","8","1","","83-69","1","up 3.5","Hamels","Bassitt","","3:20","D","14,452","+++"
"153","153","Friday, Sep 25","boxscore","TEX","@","HOU","W","6","2","","84-69","1","up 4.5","Ohlendorf","Kazmir","","3:49","N","35,180","++++"
"154","154","Saturday, Sep 26","boxscore","TEX","@","HOU","L","7","9","","84-70","1","up 3.5","McHugh","Gonzalez","Harris","3:21","D","35,736","-"
"155","155","Sunday, Sep 27","boxscore","TEX","@","HOU","L","2","4","","84-71","1","up 2.5","Keuchel","Perez","Gregerson","3:01","D","36,084","--"
"156","156","Monday, Sep 28","boxscore","TEX","","DET","L","4","7","","84-72","1","up 1.5","Verlander","Lewis","Feliz","3:37","N","27,847","---"
"157","157","Tuesday, Sep 29","boxscore","TEX","","DET","W","7","6","","85-72","1","up 2.0","Hamels","Farmer","Tolleson","3:13","N","28,729","+"
"158","158","Wednesday, Sep 30","boxscore","TEX","","DET","W","6","2","","86-72","1","up 2.5","Gallardo","Boyd","","3:13","N","28,633","++"
"159","159","Thursday, Oct 1","boxscore","TEX","","LAA","W","5","3","","87-72","1","up 3.0","Holland","Heaney","Tolleson","3:14","N","32,338","+++"
"160","160","Friday, Oct 2","boxscore","TEX","","LAA","L","1","2","","87-73","1","up 2.0","Morin","Tolleson","Smith","2:49","N","47,219","-"
"161","161","Saturday, Oct 3","boxscore","TEX","","LAA","L","10","11","","87-74","1","up 1.0","Reyes","Ohlendorf","Smith","4:06","D","37,271","--"
"162","162","Sunday, Oct 4","boxscore","TEX","","LAA","W","9","2","","88-74","1","up 2.0","Hamels","Richards","","2:53","D","45,772","+"
"Rk","Gm#","Date","","Tm","","Opp","W/L","R","RA","Inn","W-L","Rank","GB","Win","Loss","Save","Time","D/N","Attendance","Streak"
"","ALDS Game 1","Thursday, Oct 8","boxscore","TEX","@","TOR","W","5","3","","1-0","","","Gallardo","Price","Dyson","2:53","D","49,834",""
"","ALDS Game 2","Friday, Oct 9","boxscore","TEX","@","TOR","W","6","4","14","2-0","","","Kela","Hawkins","Ohlendorf","4:57","D","49,716",""
"","ALDS Game 3","Sunday, Oct 11","boxscore","TEX","","TOR","L","1","5","","2-1","","","Estrada","Perez","","3:08","N","50,941",""
"","ALDS Game 4","Monday, Oct 12","boxscore","TEX","","TOR","L","4","8","","2-2","","","Price","Holland","","3:18","D","47,679",""
"","ALDS Game 5","Wednesday, Oct 14","boxscore","TEX","@","TOR","L","3","6","","2-3","","","Sanchez","Hamels","Osuna","3:37","D","49,742",""
